<corpus>
    <document id="br-a01" >
        <paragraph>
            <sentence original="The Fulton County Grand Jury said Friday an investigation of Atlanta &apos;s recent primary election produced `` no evidence &apos;&apos; that any irregularities took place ." >
                <word surface_form="Le" />
                <word surface_form="Grand" />
                <word surface_form="Jury" original="Jury" originalIndex="4" originalScore="0.322" wn30_key="group%1:03:00::" />
                <word surface_form="du" />
                <word surface_form="Comté" original="County" originalIndex="2" originalScore="0.494" wn30_key="group%1:03:00::" />
                <word surface_form="de" />
                <word surface_form="Fulton" original="Fulton" originalIndex="1" originalScore="0.297" wn30_key="group%1:03:00::" />
                <word surface_form="a" />
                <word surface_form="déclaré" original="said" originalIndex="5" originalScore="0.462" wn30_key="say%2:32:00::" />
                <word surface_form="vendredi" original="Friday" originalIndex="6" originalScore="0.315" wn30_key="friday%1:28:00::" />
                <word surface_form="une" original="an" originalIndex="7" originalScore="0.230" />
                <word surface_form="enquête" original="investigation" originalIndex="8" originalScore="0.287" wn30_key="investigation%1:09:00::" />
                <word surface_form="sur" />
                <word surface_form="les" />
                <word surface_form="récentes" />
                <word surface_form="élections" />
                <word surface_form="primaires" original="primary" originalIndex="13" originalScore="0.244" wn30_key="primary_election%1:04:00::" />
                <word surface_form="d&amp;apos;" />
                <word surface_form="Atlanta" original="Atlanta" originalIndex="10" originalScore="0.315" wn30_key="atlanta%1:15:00::" />
                <word surface_form="a" original="&apos;s" originalIndex="11" originalScore="0.256" />
                <word surface_form="produit" original="produced" originalIndex="15" originalScore="0.329" wn30_key="produce%2:39:01::" />
                <word surface_form="aucune" original="``" originalIndex="16" originalScore="0.398" />
                <word surface_form="preuve" />
                <word surface_form="de" />
                <word surface_form="l&amp;apos;" original="&apos;&apos;" originalIndex="19" originalScore="0.244" />
                <word surface_form="existence" />
                <word surface_form="d&amp;apos;" />
                <word surface_form="irrégularités" original="irregularities" originalIndex="22" originalScore="0.241" wn30_key="irregularity%1:04:00::" />
                <word surface_form="." />
            </sentence>
        </paragraph>
        <paragraph>
            <sentence original="The jury further said in term end presentments that the City Executive Committee , which had over-all charge of the election , `` deserves the praise and thanks of the City of Atlanta &apos;&apos; for the manner in which the election was conducted ." >
                <word surface_form="Le" />
                <word surface_form="jury" original="jury" originalIndex="1" originalScore="0.307" wn30_key="jury%1:14:00::" />
                <word surface_form="a" />
                <word surface_form="en" original="said" originalIndex="3" originalScore="0.208" wn30_key="say%2:32:00::" />
                <word surface_form="outre" original="further" originalIndex="2" originalScore="0.272" wn30_key="far%4:02:00::" />
                <word surface_form="déclaré" />
                <word surface_form="dans" />
                <word surface_form="les" original="in" originalIndex="4" originalScore="0.180" />
                <word surface_form="exposés" />
                <word surface_form="de" original="presentments" originalIndex="7" originalScore="0.218" wn30_key="presentment%1:04:00::" />
                <word surface_form="fin" />
                <word surface_form="de" original="end" originalIndex="6" originalScore="0.183" wn30_key="end%1:28:00::" />
                <word surface_form="mandat" />
                <word surface_form="que" original="that" originalIndex="8" originalScore="0.148" />
                <word surface_form="le" />
                <word surface_form="Comité" original="the" originalIndex="9" originalScore="0.152" />
                <word surface_form="exécutif" original="Executive" originalIndex="11" originalScore="0.210" wn30_key="group%1:03:00::" />
                <word surface_form="de" />
                <word surface_form="la" />
                <word surface_form="ville" original="City" originalIndex="10" originalScore="0.301" wn30_key="group%1:03:00::" />
                <word surface_form="," />
                <word surface_form="qui" original="which" originalIndex="14" originalScore="0.175" />
                <word surface_form="avait" original="had" originalIndex="15" originalScore="0.172" wn30_key="have%2:40:04::" />
                <word surface_form="la" />
                <word surface_form="responsabilité" original="over-all" originalIndex="16" originalScore="0.172" wn30_key="overall%3:00:00:gross:00" />
                <word surface_form="absolue" original="charge" originalIndex="17" originalScore="0.153" wn30_key="charge%1:04:03::" />
                <word surface_form="de" />
                <word surface_form="l" />
                <word surface_form="&amp;quot;" />
                <word surface_form="élection" original="election" originalIndex="20" originalScore="0.221" wn30_key="election%1:04:01::" />
                <word surface_form="," />
                <word surface_form="mérite" original="``" originalIndex="22" originalScore="0.403" />
                <word surface_form="les" original="deserves" originalIndex="23" originalScore="0.210" wn30_key="deserve%2:42:00::" />
                <word surface_form="éloges" original="praise" originalIndex="25" originalScore="0.229" wn30_key="praise%1:10:00::" />
                <word surface_form="et" original="and" originalIndex="26" originalScore="0.177" />
                <word surface_form="les" />
                <word surface_form="remerciements" original="thanks" originalIndex="27" originalScore="0.269" wn30_key="thanks%1:10:00::" />
                <word surface_form="de" />
                <word surface_form="la" original="of" originalIndex="28" originalScore="0.159" />
                <word surface_form="ville" original="City" originalIndex="30" originalScore="0.252" wn30_key="location%1:03:00::" />
                <word surface_form="d&amp;apos;" />
                <word surface_form="Atlanta" original="Atlanta" originalIndex="32" originalScore="0.26" wn30_key="location%1:03:00::" />
                <word surface_form="pour" original="&apos;&apos;" originalIndex="33" originalScore="0.397" />
                <word surface_form="la" original="for" originalIndex="34" originalScore="0.222" />
                <word surface_form="manière" original="manner" originalIndex="36" originalScore="0.185" wn30_key="manner%1:07:02::" />
                <word surface_form="dont" />
                <word surface_form="l" original="the" originalIndex="39" originalScore="0.148" />
                <word surface_form="&amp;quot;" />
                <word surface_form="élection" original="election" originalIndex="40" originalScore="0.217" wn30_key="election%1:04:01::" />
                <word surface_form="a" original="was" originalIndex="41" originalScore="0.176" />
                <word surface_form="été" />
                <word surface_form="conduite" original="conducted" originalIndex="42" originalScore="0.154" wn30_key="conduct%2:41:00::" />
                <word surface_form="." />
            </sentence>
        </paragraph>
        <paragraph>
            <sentence original="The September October term jury had been charged by Fulton Superior Court Judge Durwood Pye to investigate reports of possible `` irregularities &apos;&apos; in the hard-fought primary which was won by Mayor-nominate Ivan Allen Jr. ." >
                <word surface_form="Le" />
                <word surface_form="jury" original="jury" originalIndex="4" originalScore="0.142" wn30_key="jury%1:14:00::" />
                <word surface_form="de" original="term" originalIndex="3" originalScore="0.232" wn30_key="term%1:28:00::" />
                <word surface_form="septembre" />
                <word surface_form="avait" original="October" originalIndex="2" originalScore="0.175" wn30_key="october%1:28:00::" />
                <word surface_form="été" original="been" originalIndex="6" originalScore="0.147" />
                <word surface_form="chargé" original="charged" originalIndex="7" originalScore="0.196" wn30_key="charge%2:41:00::" />
                <word surface_form="par" original="by" originalIndex="8" originalScore="0.201" />
                <word surface_form="le" />
                <word surface_form="juge" original="Judge" originalIndex="12" originalScore="0.243" wn30_key="person%1:03:00::" />
                <word surface_form="Durwood" original="Durwood" originalIndex="13" originalScore="0.236" wn30_key="person%1:03:00::" />
                <word surface_form="Pye" original="Pye" originalIndex="14" originalScore="0.257" wn30_key="person%1:03:00::" />
                <word surface_form="," />
                <word surface_form="de" />
                <word surface_form="la" />
                <word surface_form="Cour" original="Court" originalIndex="11" originalScore="0.174" wn30_key="person%1:03:00::" />
                <word surface_form="supérieure" original="Superior" originalIndex="10" originalScore="0.300" wn30_key="person%1:03:00::" />
                <word surface_form="de" />
                <word surface_form="Fulton" original="Fulton" originalIndex="9" originalScore="0.228" wn30_key="location%1:03:00::" />
                <word surface_form="," />
                <word surface_form="d&amp;apos;" original="to" originalIndex="15" originalScore="0.183" />
                <word surface_form="enquêter" />
                <word surface_form="sur" original="investigate" originalIndex="16" originalScore="0.287" wn30_key="investigate%2:32:01::" />
                <word surface_form="des" />
                <word surface_form="rapports" original="reports" originalIndex="17" originalScore="0.263" wn30_key="report%1:10:00::" />
                <word surface_form="d&amp;apos;" />
                <word surface_form="irrégularités" />
                <word surface_form="possibles" />
                <word surface_form="de" original="&apos;&apos;" originalIndex="22" originalScore="0.391" />
                <word surface_form="la" original="``" originalIndex="20" originalScore="0.358" />
                <word surface_form="part" />
                <word surface_form="d&amp;apos;" />
                <word surface_form="Ivan" />
                <word surface_form="Allen" original="Allen" originalIndex="33" originalScore="0.269" wn30_key="person%1:03:00::" />
                <word surface_form="Jr" original="Jr." originalIndex="34" originalScore="0.198" wn30_key="person%1:03:00::" />
                <word surface_form="." />
            </sentence>
        </paragraph>
    </document>
</corpus>
