<?xml version="1.0" ?>
<corpus lang="fr" source="frenchsemeval">
	
                     
	<text id="d000">
		<sentence fr_wikipedia.23553911="source" id="d000.s000" idx="0">
			<wf fine_pos="CLS" lemma="il" pos="CL">Il</wf>
			<wf fine_pos="V" lemma="rendre" pos="V">rend</wf>
			<wf fine_pos="NC" lemma="hommage" pos="N">hommage</wf>
			<wf fine_pos="P+D" lemma="à" pos="P+D">au</wf>
			<wf fine_pos="NC" lemma="roi" pos="N">roi</wf>
			<wf fine_pos="P" lemma="de" pos="P">de</wf>
			<wf fine_pos="NPP" lemma="France" pos="N">France</wf>
			<wf fine_pos="CC" lemma="et" pos="C">et</wf>
			<wf fine_pos="DET" lemma="un" pos="D">des</wf>
			<wf fine_pos="NC" lemma="négociation" pos="N">négociations</wf>
			<instance fine_pos="V" id="d000.s000.t000" lemma="aboutir" pos="V">aboutissent</instance>
			<wf fine_pos="P+D" lemma="à" pos="P+D">au</wf>
			<wf fine_pos="NC" lemma="traité" pos="N">traité</wf>
			<wf fine_pos="P+D" lemma="de" pos="P+D">du</wf>
			<wf fine_pos="NPP" lemma="Goulet" pos="N">Goulet</wf>
			<wf fine_pos="PONCT" lemma="," pos="PONCT">,</wf>
			<wf fine_pos="VPR" lemma="formaliser" pos="V">formalisant</wf>
			<wf fine_pos="DET" lemma="le" pos="D">la</wf>
			<wf fine_pos="NC" lemma="paix" pos="N">paix</wf>
			<wf fine_pos="P" lemma="entre" pos="P">entre</wf>
			<wf fine_pos="DET" lemma="le" pos="D">les</wf>
			<wf fine_pos="ADJ" lemma="deux" pos="A">deux</wf>
			<wf fine_pos="NC" lemma="pays" pos="N">pays</wf>
			<wf fine_pos="PONCT" lemma="." pos="PONCT">.</wf>
		</sentence>
    </text>    
    <text id="d001">
		<sentence FTB_2007.12343="source" id="d001.s000" idx="885">
			<wf fine_pos="DET" lemma="le" pos="D">L'</wf>
			<wf fine_pos="NC" lemma="action" pos="N">action</wf>
			<wf fine_pos="P+D" lemma="de" pos="P+D">du</wf>
			<wf fine_pos="NC" lemma="directeur" pos="N">directeur</wf>
			<wf fine_pos="ADJ" lemma="général" pos="A">général</wf>
			<wf fine_pos="PONCT" lemma="," pos="PONCT">,</wf>
			<wf fine_pos="CC" lemma="et" pos="C">et</wf>
			<wf fine_pos="CLS" lemma="ce" pos="CL">c'</wf>
			<wf fine_pos="V" lemma="être" pos="V">est</wf>
			<wf fine_pos="PRO" lemma="cela" pos="PRO">cela</wf>
			<wf fine_pos="CS" lemma="que" pos="C">qu'</wf>
			<wf fine_pos="CLS" lemma="on" pos="CL">on</wf>
			<wf fine_pos="ADV" lemma="ne" pos="ADV">n'</wf>
			<wf fine_pos="V" lemma="apprécier" pos="V">apprécie</wf>
			<wf fine_pos="ADV" lemma="guère" pos="ADV">guère</wf>
			<wf fine_pos="P" lemma="en" pos="P">en</wf>
			<wf fine_pos="NPP" lemma="FRANCE" pos="N">France</wf>
			<wf fine_pos="PONCT" lemma="," pos="PONCT">,</wf>
			<wf fine_pos="V" lemma="avoir" pos="V">a</wf>
			<instance fine_pos="VPP" id="d001.s000.t000" lemma="aboutir" pos="V">abouti</instance>
			<wf fine_pos="P" lemma="à" pos="P">à</wf>
			<wf fine_pos="VINF" lemma="réintroduire" pos="V">réintroduire</wf>
			<wf fine_pos="DET" lemma="le" pos="D">l'</wf>
			<wf fine_pos="NC" lemma="agriculture" pos="N">agriculture</wf>
			<wf fine_pos="P" lemma="dans" pos="P">dans</wf>
			<wf fine_pos="DET" lemma="le" pos="D">le</wf>
			<wf fine_pos="NC" lemma="dispositif" pos="N">dispositif</wf>
			<wf fine_pos="P+D" lemma="de" pos="P+D">du</wf>
			<wf fine_pos="NPP" lemma="GATT" pos="N">GATT</wf>
			<wf fine_pos="PONCT" lemma="." pos="PONCT">.</wf>
		</sentence>
		<sentence FTB_2007.12038="source" id="d001.s001" idx="886">
			<wf fine_pos="CLS" lemma="il" pos="CL">Elles</wf>
			<wf fine_pos="V" lemma="être" pos="V">sont</wf>
			<wf fine_pos="VPP" lemma="provoquer" pos="V">provoquées</wf>
			<wf fine_pos="P" lemma="par" pos="P">par</wf>
			<wf fine_pos="DET" lemma="un" pos="D">une</wf>
			<wf fine_pos="NC" lemma="chute" pos="N">chute</wf>
			<wf fine_pos="P" lemma="de" pos="P">de</wf>
			<wf fine_pos="DET" lemma="le" pos="D">la</wf>
			<wf fine_pos="NC" lemma="demande" pos="N">demande</wf>
			<wf fine_pos="P+D" lemma="de" pos="P+D">des</wf>
			<wf fine_pos="NC" lemma="entreprise" pos="N">entreprises</wf>
			<wf fine_pos="PONCT" lemma="(" pos="PONCT">(</wf>
			<wf fine_pos="NC" lemma="investissement" pos="N">investissements</wf>
			<wf fine_pos="PONCT" lemma=")" pos="PONCT">)</wf>
			<wf fine_pos="CC" lemma="ou" pos="C">ou</wf>
			<wf fine_pos="P+D" lemma="de" pos="P+D">des</wf>
			<wf fine_pos="NC" lemma="ménage" pos="N">ménages</wf>
			<wf fine_pos="PONCT" lemma="(" pos="PONCT">(</wf>
			<wf fine_pos="NC" lemma="achat" pos="N">achats</wf>
			<wf fine_pos="P" lemma="de" pos="P">de</wf>
			<wf fine_pos="NC" lemma="logement" pos="N">logements</wf>
			<wf fine_pos="ADV" lemma="par_exemple" pos="ADV">par_exemple</wf>
			<wf fine_pos="PONCT" lemma=")" pos="PONCT">)</wf>
			<wf fine_pos="PONCT" lemma="," pos="PONCT">,</wf>
			<wf fine_pos="NC" lemma="chute" pos="N">chute</wf>
			<wf fine_pos="PROREL" lemma="qui" pos="PRO">qui</wf>
			<instance fine_pos="V" id="d001.s001.t000" lemma="aboutir" pos="V">aboutit</instance>
			<wf fine_pos="P" lemma="à" pos="P">à</wf>
			<wf fine_pos="DET" lemma="un" pos="D">une</wf>
			<wf fine_pos="NC" lemma="baisse" pos="N">baisse</wf>
			<wf fine_pos="P" lemma="de" pos="P">de</wf>
			<wf fine_pos="DET" lemma="le" pos="D">la</wf>
			<wf fine_pos="NC" lemma="production" pos="N">production</wf>
			<wf fine_pos="CC" lemma="et" pos="C">et</wf>
			<wf fine_pos="P+D" lemma="de" pos="P+D">des</wf>
			<wf fine_pos="NC" lemma="revenu" pos="N">revenus</wf>
			<wf fine_pos="VPP" lemma="distribuer" pos="V">distribués</wf>
			<wf fine_pos="PONCT" lemma="." pos="PONCT">.</wf>
		</sentence>
    </text>
</corpus>
