<?xml version="1.0" ?>
<corpus lang="fr" source="wiktionary-190418">
	
                     
	<text id="d000">
		<sentence id="d000.s001" idx="1">
			<wf fine_pos="PONCT" lemma="&quot;" pos="PONCT">&quot;</wf>
			<wf fine_pos="CLS" lemma="ce" pos="CL">Ce</wf>
			<wf fine_pos="ADV" lemma="ne" pos="ADV">ne</wf>
			<wf fine_pos="V" lemma="être" pos="V">fut</wf>
			<wf fine_pos="ADV" lemma="pas" pos="ADV">pas</wf>
			<wf fine_pos="DET" lemma="un" pos="D">une</wf>
			<wf fine_pos="NC" lemma="révolution" pos="N">révolution</wf>
			<instance fine_pos="ADJ" id="d000.s001.t000" lemma="2.0" pos="A">2.0</instance>
			<wf fine_pos="PONCT" lemma="," pos="PONCT">,</wf>
			<wf fine_pos="CLS" lemma="ce" pos="CL">ce</wf>
			<wf fine_pos="V" lemma="être" pos="V">fut</wf>
			<wf fine_pos="DET" lemma="un" pos="D">une</wf>
			<wf fine_pos="NC" lemma="révolution" pos="N">révolution</wf>
			<wf fine_pos="P" lemma="de" pos="P">de</wf>
			<wf fine_pos="NC" lemma="rue" pos="N">rue</wf>
			<wf fine_pos="PONCT" lemma="." pos="PONCT">.</wf>
		</sentence>
		<sentence id="d000.s002" idx="2">
			<wf fine_pos="DET" lemma="son" pos="D">Notre</wf>
			<wf fine_pos="NC" lemma="présence" pos="N">présence</wf>
			<wf fine_pos="P" lemma="dans" pos="P">dans</wf>
			<wf fine_pos="DET" lemma="le" pos="D">la</wf>
			<wf fine_pos="NC" lemma="ville" pos="N">ville</wf>
			<instance fine_pos="NC" id="d000.s002.t000" lemma="2.0" pos="N">2.0</instance>
			<wf fine_pos="V" lemma="nécessiter" pos="V">nécessite</wf>
			<wf fine_pos="P" lemma="de" pos="P">de</wf>
			<wf fine_pos="VINF" lemma="penser" pos="V">penser</wf>
			<wf fine_pos="CC" lemma="et" pos="C">et</wf>
			<wf fine_pos="VINF" lemma="mettre" pos="V">mettre</wf>
			<wf fine_pos="P" lemma="en" pos="P">en</wf>
			<wf fine_pos="NC" lemma="place" pos="N">place</wf>
			<wf fine_pos="DET" lemma="un" pos="D">des</wf>
			<wf fine_pos="NC" lemma="dispositif" pos="N">dispositifs</wf>
			<wf fine_pos="P" lemma="de" pos="P">de</wf>
			<wf fine_pos="NC" lemma="régulation" pos="N">régulation</wf>
			<wf fine_pos="ADJ" lemma="adapté" pos="A">adaptés</wf>
			<wf fine_pos="PONCT" lemma="," pos="PONCT">,</wf>
			<wf fine_pos="VPR" lemma="aller" pos="V">allant</wf>
			<wf fine_pos="P+D" lemma="de" pos="P+D">du</wf>
			<wf fine_pos="NC" lemma="personnel" pos="N">personnel</wf>
			<wf fine_pos="P+D" lemma="à" pos="P+D">au</wf>
			<wf fine_pos="NC" lemma="collectif" pos="N">collectif</wf>
			<wf fine_pos="PONCT" lemma="." pos="PONCT">.</wf>
		</sentence>
		<sentence id="d000.s003" idx="3">
			<wf fine_pos="DET" lemma="le" pos="D">Le</wf>
			<wf fine_pos="NC" lemma="dîner" pos="N">dîner</wf>
			<instance fine_pos="NC" id="d000.s003.t000" lemma="2.0" pos="N">2.0</instance>
			<wf fine_pos="P" lemma="de" pos="P">d'</wf>
			<wf fine_pos="NPP" lemma="Obama" pos="N">Obama</wf>
			<wf fine_pos="PONCT" lemma=":" pos="PONCT">:</wf>
			<wf fine_pos="DET" lemma="le" pos="D">Le</wf>
			<wf fine_pos="NC" lemma="président" pos="N">président</wf>
			<wf fine_pos="ADJ" lemma="américain" pos="A">américain</wf>
			<wf fine_pos="V" lemma="avoir" pos="V">a</wf>
			<wf fine_pos="VPP" lemma="rencontrer" pos="V">rencontré</wf>
			<wf fine_pos="DET" lemma="douze" pos="D">douze</wf>
			<wf fine_pos="NC" lemma="dirigeant" pos="N">dirigeants</wf>
			<wf fine_pos="P+D" lemma="de" pos="P+D">du</wf>
			<wf fine_pos="NC" lemma="secteur" pos="N">secteur</wf>
			<wf fine_pos="P+D" lemma="de" pos="P+D">des</wf>
			<wf fine_pos="ADJ" lemma="nouveau" pos="A">nouvelles</wf>
			<wf fine_pos="NC" lemma="technologie" pos="N">technologies</wf>
			<wf fine_pos="PROREL" lemma="dont" pos="PRO">dont</wf>
			<wf fine_pos="NPP" lemma="Steve" pos="N">Steve</wf>
			<wf fine_pos="NPP" lemma="Jobs" pos="N">Jobs</wf>
			<wf fine_pos="CC" lemma="et" pos="C">et</wf>
			<wf fine_pos="NPP" lemma="Mark" pos="N">Mark</wf>
			<wf fine_pos="NPP" lemma="Zuckerberg" pos="N">Zuckerberg</wf>
			<wf fine_pos="PONCT" lemma="." pos="PONCT">.</wf>
		</sentence>
    </text>
</corpus>
