<corpus>
    <document id="d001" >
        <paragraph>
            <sentence id="d001.s001" >
                <word surface_form="Le" lemma="le" pos="DET:ART" />
                <word surface_form="groupe" lemma="groupe" pos="NOM" wn30_key="group%1:03:00::;grouping%1:03:00::" id="d001.s001.t001" />
                <word surface_form="des" lemma="du" pos="PRP:det" />
                <word surface_form="Nations_Unies" lemma="nations_unies" pos="NE" wn30_key="un%1:14:00::;united_nations%1:14:00::" id="d001.s001.t002" />
                <word surface_form="a" lemma="avoir" pos="VER:pres" />
                <word surface_form="des" lemma="du" pos="PRP:det" />
                <word surface_form="projets" lemma="projet" pos="NOM" id="d001.s001.t003" />
                <word surface_form="de" lemma="de" pos="PRP" />
                <word surface_form="plans" lemma="plan" pos="NOM" wn30_key="programme%1:09:00::;plan%1:09:00::;program%1:09:00::" id="d001.s001.t004" />
                <word surface_form="pour" lemma="pour" pos="PRP" />
                <word surface_form="la" lemma="le" pos="DET:ART" />
                <word surface_form="réduction" lemma="réduction" pos="NOM" wn30_key="step-down%1:04:00::;decrease%1:04:00::;reduction%1:04:00::;diminution%1:04:00::" id="d001.s001.t005" />
                <word surface_form="des" lemma="du" pos="PRP:det" />
                <word surface_form="émissions" lemma="émission" pos="NOM" wn30_key="emanation%1:04:00::;emission%1:04:00::" id="d001.s001.t006" />
            </sentence>
            <sentence id="d001.s002" >
                <word surface_form="La" lemma="le" pos="DET:ART" />
                <word surface_form="conférence" lemma="conférence" pos="NOM" wn30_key="conference%1:14:00::" id="d001.s002.t001" />
                <word surface_form="sur" lemma="sur" pos="PRP" />
                <word surface_form="le" lemma="le" pos="DET:ART" />
                <word surface_form="climat" lemma="climat" pos="NOM" wn30_key="climate%1:26:00::;clime%1:26:00::" id="d001.s002.t002" />
                <word surface_form="," lemma="," pos="PUN" />
                <word surface_form="sponsorisée" lemma="sponsoriser" pos="VER:pper" />
                <word surface_form="par" lemma="par" pos="PRP" />
                <word surface_form="l&apos;" lemma="le" pos="DET:ART" />
                <word surface_form="ONU" lemma="onu" pos="ABR" />
                <word surface_form="--" lemma="--" pos="PUN" />
                <word surface_form="caractérisée" lemma="caractériser" pos="VER:pper" />
                <word surface_form="jusqu&apos;" lemma="jusque" pos="PRP" />
                <word surface_form="à" lemma="à" pos="PRP" />
                <word surface_form="présent" lemma="présent" pos="ADJ" />
                <word surface_form="par" lemma="par" pos="PRP" />
                <word surface_form="des" lemma="du" pos="PRP:det" />
                <word surface_form="affectations" lemma="affectation" pos="NOM" id="d001.s002.t003" />
                <word surface_form="désorganisées" lemma="désorganiser" pos="VER:pper" />
                <word surface_form="et" lemma="et" pos="KON" />
                <word surface_form="des" lemma="du" pos="PRP:det" />
                <word surface_form="récriminations" lemma="récrimination" pos="NOM" wn30_key="recrimination%1:10:00::" id="d001.s002.t004" />
                <word surface_form="mutuelles" lemma="mutuel" pos="ADJ" />
                <word surface_form="--" lemma="--" pos="PUN" />
                <word surface_form="est" lemma="être" pos="VER:pres" />
                <word surface_form="revenue" lemma="revenir" pos="VER:pper" />
                <word surface_form="sous" lemma="sous" pos="PRP" />
                <word surface_form="les" lemma="le" pos="DET:ART" />
                <word surface_form="feux_de_la_rampe" lemma="feu_de_la_rampe" pos="NOM" id="d001.s002.t005" />
                <word surface_form="vendredi" lemma="vendredi" pos="NOM" wn30_key="friday%1:28:00::;fri%1:28:00::" id="d001.s002.t006" />
                <word surface_form="," lemma="," pos="PUN" />
                <word surface_form="en" lemma="en" pos="PRP" />
                <word surface_form="raison" lemma="raison" pos="NOM" id="d001.s002.t007" />
                <word surface_form="de" lemma="de" pos="PRP" />
                <word surface_form="la" lemma="le" pos="DET:ART" />
                <word surface_form="publication" lemma="publication" pos="NOM" id="d001.s002.t008" />
                <word surface_form="d&apos;" lemma="de" pos="PRP" />
                <word surface_form="un" lemma="un" pos="DET:ART" />
                <word surface_form="document" lemma="document" pos="NOM" wn30_key="document%1:10:00::;written_document%1:10:00::;papers%1:10:00::" id="d001.s002.t009" />
                <word surface_form="soulignant" lemma="souligner" pos="VER:ppre" />
                <word surface_form="les" lemma="le" pos="DET:ART" />
                <word surface_form="réductions" lemma="réduction" pos="NOM" wn30_key="step-down%1:04:00::;decrease%1:04:00::;reduction%1:04:00::;diminution%1:04:00::" id="d001.s002.t010" />
                <word surface_form="ambitieuses" lemma="ambitieux" pos="ADJ" />
                <word surface_form="des" lemma="du" pos="PRP:det" />
                <word surface_form="gaz_à_effet_de_serre" lemma="gaz_à_effet_de_serre" pos="NOM" wn30_key="greenhouse_gas%1:27:00::;greenhouse_emission%1:27:00::" id="d001.s002.t011" />
                <word surface_form="au" lemma="au" pos="PRP:det" />
                <word surface_form="des" lemma="du" pos="PRP:det" />
                <word surface_form="40" lemma="@card@" pos="NUM" />
                <word surface_form="prochaines" lemma="prochain" pos="ADJ" />
                <word surface_form="années" lemma="année" pos="NOM" wn30_key="year%1:28:01::;yr%1:28:00::;twelvemonth%1:28:00::" id="d001.s002.t013" />
                <word surface_form="," lemma="," pos="PUN" />
                <word surface_form="avec" lemma="avec" pos="PRP" />
                <word surface_form="les" lemma="le" pos="DET:ART" />
                <word surface_form="nations" lemma="nation" pos="NOM" wn30_key="nation%1:14:01::;nation%1:14:00::;country%1:14:01::;country%1:14:00::;land%1:14:01::;land%1:14:00::;res_publica%1:14:00::;body_politic%1:14:00::;state%1:14:00::;commonwealth%1:14:00::" id="d001.s002.t014" />
                <word surface_form="industrialisées" lemma="industrialiser" pos="VER:pper" />
                <word surface_form="épaulant" lemma="épauler" pos="VER:ppre" />
                <word surface_form="la" lemma="le" pos="DET:ART" />
                <word surface_form="plupart" lemma="plupart" pos="NOM" />
                <word surface_form="de" lemma="de" pos="PRP" />
                <word surface_form="la" lemma="le" pos="DET:ART" />
                <word surface_form="charge" lemma="charge" pos="NOM" wn30_key="incumbrance%1:09:00::;encumbrance%1:09:00::;onus%1:09:00::;load%1:09:00::;burden%1:09:01::" id="d001.s002.t015" />
                <word surface_form="," lemma="," pos="PUN" />
                <word surface_form="dans" lemma="dans" pos="PRP" />
                <word surface_form="les" lemma="le" pos="DET:ART" />
                <word surface_form="prochains" lemma="prochain" pos="ADJ" />
                <word surface_form="temps" lemma="temps" pos="NOM" wn30_key="time%1:03:00::" id="d001.s002.t016" />
                <word surface_form="." lemma="." pos="SENT" />
            </sentence>
            <sentence id="d001.s003" >
                <word surface_form="Le" lemma="le" pos="DET:ART" />
                <word surface_form="texte" lemma="texte" pos="NOM" wn30_key="text%1:10:01::;text%1:10:00::;textual_matter%1:10:00::" id="d001.s003.t001" />
                <word surface_form="qui" lemma="qui" pos="PRO:REL" />
                <word surface_form="pourrait" lemma="pouvoir" pos="VER:cond" />
                <word surface_form="fournir" lemma="fournir" pos="VER:infi" />
                <word surface_form="les" lemma="le" pos="DET:ART" />
                <word surface_form="bases" lemma="base" pos="NOM" wn30_key="basis%1:09:00::;foundation%1:09:00::;base%1:09:00::;groundwork%1:09:00::;fundament%1:09:00::;cornerstone%1:09:00::" id="d001.s003.t002" />
                <word surface_form="d&apos;" lemma="de" pos="PRP" />
                <word surface_form="un" lemma="un" pos="DET:ART" />
                <word surface_form="accord" lemma="accord" pos="NOM" wn30_key="accord%1:10:01::;pact%1:10:00::;treaty%1:10:00::" id="d001.s003.t003" />
                <word surface_form="politique" lemma="politique" pos="ADJ" />
                <word surface_form="final" lemma="final" pos="ADJ" />
                <word surface_form="pour" lemma="pour" pos="PRP" />
                <word surface_form="réguler" lemma="réguler" pos="VER:infi" />
                <word surface_form="les" lemma="le" pos="DET:ART" />
                <word surface_form="gaz_à_effet_de_serre" lemma="gaz_à_effet_de_serre" pos="NOM" wn30_key="greenhouse_gas%1:27:00::;greenhouse_emission%1:27:00::" id="d001.s003.t004" />
                <word surface_form="," lemma="," pos="PUN" />
                <word surface_form="a" lemma="avoir" pos="VER:pres" />
                <word surface_form="souligné" lemma="souligner" pos="VER:pper" />
                <word surface_form="les" lemma="le" pos="DET:ART" />
                <word surface_form="obstacles" lemma="obstacle" pos="NOM" wn30_key="obstruction%1:09:00::;obstacle%1:09:00::" id="d001.s003.t005" />
                <word surface_form="restants" lemma="restant" pos="ADJ" />
                <word surface_form="," lemma="," pos="PUN" />
                <word surface_form="autant" lemma="autant" pos="ADV" />
                <word surface_form="qu&apos;" lemma="que" pos="KON" />
                <word surface_form="il" lemma="il" pos="PRO:PER" />
                <word surface_form="a" lemma="avoir" pos="VER:pres" />
                <word surface_form="éclairé" lemma="éclairer" pos="VER:pper" />
                <word surface_form="le" lemma="le" pos="DET:ART" />
                <word surface_form="chemin" lemma="chemin" pos="NOM" wn30_key="path%1:04:00::;way%1:04:00::;way_of_life%1:04:00::" id="d001.s003.t006" />
                <word surface_form="à" lemma="à" pos="PRP" />
                <word surface_form="prendre" lemma="prendre" pos="VER:infi" />
                <word surface_form="." lemma="." pos="SENT" />
            </sentence>
        </paragraph>
    </document>
</corpus>
