<corpus>
    <document>
        <paragraph>
            <sentence wn30_key="entity%1:03:00::" original="that which is perceived or known or inferred to have its own distinct existence (living or nonliving);" >
                <word surface_form="ce" />
                <word surface_form="qui" original="which" originalIndex="1" originalScore="0.183" />
                <word surface_form="est" original="is" originalIndex="2" originalScore="0.165" />
                <word surface_form="perçu" original="perceived" originalIndex="3" originalScore="0.261" wn30_key="perceive%2:31:00::" />
                <word surface_form="ou" original="or" originalIndex="4" originalScore="0.248" />
                <word surface_form="connu" original="known" originalIndex="5" originalScore="0.216" wn30_key="known%3:00:00::" />
                <word surface_form="comme" />
                <word surface_form="ayant" original="have" originalIndex="9" originalScore="0.200" />
                <word surface_form="sa" />
                <word surface_form="propre" />
                <word surface_form="existence" original="existence" originalIndex="13" originalScore="0.246" wn30_key="existence%1:26:00::" />
                <word surface_form="," original="(living" originalIndex="14" originalScore="0.440" />
                <word surface_form="qu&amp;apos;" />
                <word surface_form="elle" original="or" originalIndex="15" originalScore="0.186" />
                <word surface_form="soit" />
                <word surface_form="vivante" original="(living" originalIndex="14" originalScore="0.342" />
                <word surface_form="ou" />
                <word surface_form="non" />
                <word surface_form="." original="nonliving);" originalIndex="16" originalScore="0.297" wn30_key="nonliving%3:00:00::" />
            </sentence>
            <sentence wn30_key="physical_entity%1:03:00::" original="an entity that has physical existence;" >
                <word surface_form="une" />
                <word surface_form="entité" original="entity" originalIndex="1" originalScore="0.354" wn30_key="entity%1:03:00::" />
                <word surface_form="qui" />
                <word surface_form="a" />
                <word surface_form="une" />
                <word surface_form="existence" original="existence;" originalIndex="5" originalScore="0.440" wn30_key="existence%1:26:00::" />
                <word surface_form="physique" />
                <word surface_form=";" />
            </sentence>
            <sentence wn30_key="abstraction%1:03:00::;abstract_entity%1:03:00::" original="a general concept formed by extracting common features from specific examples;" >
                <word surface_form="un" />
                <word surface_form="concept" original="concept" originalIndex="2" originalScore="0.252" wn30_key="concept%1:09:00::" />
                <word surface_form="général" original="general" originalIndex="1" originalScore="0.284" wn30_key="general%3:00:00:imprecise:00" />
                <word surface_form="formé" original="formed" originalIndex="3" originalScore="0.275" wn30_key="form%2:41:00::" />
                <word surface_form="par" />
                <word surface_form="l&amp;apos;" />
                <word surface_form="extraction" original="extracting" originalIndex="5" originalScore="0.404" wn30_key="extract%2:36:00::" />
                <word surface_form="de" />
                <word surface_form="caractéristiques" original="features" originalIndex="7" originalScore="0.241" wn30_key="feature%1:09:00::" />
                <word surface_form="communes" original="common" originalIndex="6" originalScore="0.275" />
                <word surface_form="à" />
                <word surface_form="partir" original="from" originalIndex="8" originalScore="0.254" />
                <word surface_form="d&amp;apos;" />
                <word surface_form="examens" original="examples;" originalIndex="10" originalScore="0.278" wn30_key="example%1:11:00::" />
                <word surface_form="spécifiques" original="specific" originalIndex="9" originalScore="0.302" />
                <word surface_form=";" />
            </sentence>    
        </paragraph>
    </document>
</corpus>
